#{"t_start": 1660567923.0041893, "env_id": "GrabAndLift-v0"}
r,l,t
-1.708329,2,25.828659
-1.325552,2,54.092158
-2.274993,3,108.986775
-0.478118,1,129.052655
